{"cameraMode":{"drawMode":0,"name":"Shaded","section":"Shading Mode"},"sceneLighting":false,"audioPlay":false,"sceneViewState":{"m_AlwaysRefresh":false,"showFog":true,"showSkybox":false,"showFlares":true,"showImageEffects":true,"showParticleSystems":true,"showVisualEffectGraphs":true,"m_FxEnabled":true},"in2DMode":false,"pivot":{"x":0.02315700054168701,"y":0.24322950839996339,"z":-0.030476629734039308},"rotation":{"x":-0.14507411420345307,"y":-0.20413681864738465,"z":0.03059888444840908,"w":-0.9676880836486816},"size":1.1734973192214966,"orthographic":false}