{"cameraMode":{"drawMode":0,"name":"Shaded","section":"Shading Mode"},"sceneLighting":false,"audioPlay":false,"sceneViewState":{"m_AlwaysRefresh":false,"showFog":true,"showSkybox":false,"showFlares":true,"showImageEffects":true,"showParticleSystems":true,"showVisualEffectGraphs":true,"m_FxEnabled":true},"in2DMode":false,"pivot":{"x":-0.00036138296127319336,"y":0.3503742218017578,"z":0.030464112758636476},"rotation":{"x":-0.14507411420345307,"y":-0.20413681864738465,"z":0.03059888444840908,"w":-0.9676880836486816},"size":0.6997064352035523,"orthographic":false}