{"cameraMode":{"drawMode":0,"name":"Shaded","section":"Shading Mode"},"sceneLighting":true,"audioPlay":false,"sceneViewState":{"m_AlwaysRefresh":false,"showFog":true,"showSkybox":true,"showFlares":true,"showImageEffects":true,"showParticleSystems":true,"showVisualEffectGraphs":true,"m_FxEnabled":true},"in2DMode":false,"pivot":{"x":-8.627989768981934,"y":1.5254058837890626,"z":-21.372541427612306},"rotation":{"x":0.08906514942646027,"y":-0.0695389062166214,"z":0.006242369767278433,"w":0.9936476945877075},"size":13.992727279663086,"orthographic":false}