{"cameraMode":{"drawMode":0,"name":"Shaded","section":"Shading Mode"},"sceneLighting":true,"audioPlay":false,"sceneViewState":{"m_AlwaysRefresh":false,"showFog":true,"showSkybox":true,"showFlares":true,"showImageEffects":true,"showParticleSystems":true,"showVisualEffectGraphs":true,"m_FxEnabled":true},"in2DMode":false,"pivot":{"x":-5.475451469421387,"y":1.6584481000900269,"z":-14.359159469604493},"rotation":{"x":0.027894306927919389,"y":-0.0008702509803697467,"z":-0.000015846899259486236,"w":0.9996781945228577},"size":7.595795631408691,"orthographic":false}