{"cameraMode":{"drawMode":0,"name":"Shaded","section":"Shading Mode"},"sceneLighting":false,"audioPlay":false,"sceneViewState":{"m_AlwaysRefresh":false,"showFog":true,"showSkybox":false,"showFlares":true,"showImageEffects":true,"showParticleSystems":true,"showVisualEffectGraphs":true,"m_FxEnabled":true},"in2DMode":false,"pivot":{"x":0.07098060846328736,"y":0.40688949823379519,"z":0.02148914337158203},"rotation":{"x":-0.14507411420345307,"y":-0.20413681864738465,"z":0.03059888444840908,"w":-0.9676880836486816},"size":1.2282562255859376,"orthographic":false}