{"cameraMode":{"drawMode":0,"name":"Shaded","section":"Shading Mode"},"sceneLighting":false,"audioPlay":false,"sceneViewState":{"m_AlwaysRefresh":false,"showFog":true,"showSkybox":false,"showFlares":true,"showImageEffects":true,"showParticleSystems":true,"showVisualEffectGraphs":true,"m_FxEnabled":true},"in2DMode":false,"pivot":{"x":0.019489575177431108,"y":0.055660225450992587,"z":0.010057153180241585},"rotation":{"x":0.094741590321064,"y":-0.12895001471042634,"z":-0.012395729310810566,"w":-0.9870762228965759},"size":0.09282621741294861,"orthographic":false}